,order_ID,item_id,item_price,item_quantity,list_price
0,87536140,62347310,210,12,2520
1,18900231,77676337,403,15,6045
2,76736360,10679791,203,10,2030
3,45456909,42065074,60,10,600
4,87726459,72024096,173,5,865
5,52401176,76277795,72,14,1008
6,44734183,93737272,64,5,320
7,93870061,64636399,342,11,3762
8,60781086,62925488,347,4,1388
9,22162410,90852541,108,12,1296
10,93237338,85986107,64,12,768
11,71414805,12869992,426,15,6390
12,23439283,31655552,308,15,4620
13,93092616,03915554,389,10,3890
14,03395356,91594464,199,14,2786
15,07294488,77905536,204,11,2244
16,19257488,06138363,75,13,975
17,46299444,07735905,345,6,2070
18,60439017,78087811,26,4,104
19,59115762,83974519,242,12,2904
20,04137641,62730396,411,12,4932
21,17849555,10634899,380,12,4560
22,63530667,34865095,210,10,2100
23,73820505,06943134,318,4,1272
24,01047530,63380019,37,12,444
25,23072893,04434191,340,2,680
26,04609353,45246876,127,4,508
27,60843661,28916345,263,3,789
28,98554294,87303131,241,3,723
29,09764262,93646321,141,12,1692
30,84851932,19064710,252,14,3528
31,49879797,79179546,7,10,70
32,06108304,09901223,388,2,776
33,28661474,48486590,338,11,3718
34,74509867,73241140,461,11,5071
35,77270290,33225043,445,7,3115
36,61660748,85849464,185,15,2775
37,16895461,61217331,23,2,46
38,24770316,27023297,444,1,444
39,00048590,42395584,493,8,3944
40,21993909,59652250,163,6,978
41,50759897,60482075,260,9,2340
42,19450490,64291710,21,6,126
43,91363343,76328671,56,10,560
44,36598694,66006411,424,1,424
45,08857965,07666162,419,13,5447
46,13357214,88358680,367,1,367
47,38083815,73285229,369,2,738
48,53364012,99550172,15,12,180
49,26973067,79037433,195,8,1560
50,05400980,77793560,195,13,2535
51,31118361,85782259,294,4,1176
52,73205982,03120699,429,7,3003
53,89860267,95446394,188,11,2068
54,07131561,21588419,345,11,3795
55,46417107,35169499,210,10,2100
56,09375185,17866620,43,9,387
57,32010886,52976629,72,4,288
58,90583520,57400099,43,13,559
59,01407471,80679257,266,12,3192
60,88303109,35786757,293,12,3516
61,16817463,55661225,164,8,1312
62,35032427,71509792,24,11,264
63,91735256,13998035,247,5,1235
64,61002043,17781527,483,2,966
65,23123410,29758494,161,13,2093
66,40804767,74675043,297,14,4158
67,36569304,00896832,272,5,1360
68,86727501,51104566,79,12,948
69,27752791,81879984,31,15,465
70,81932375,01112566,298,11,3278
71,09289451,32449150,292,4,1168
72,26163369,80159803,60,12,720
73,47972650,86218320,219,5,1095
74,01396317,33690704,339,4,1356
75,59301202,56768282,53,10,530
76,50609598,69354588,455,10,4550
77,00990110,70441178,87,11,957
78,49680836,16312951,414,4,1656
79,20554422,12787357,421,3,1263
80,43665570,97889403,15,11,165
81,15184542,63659580,266,8,2128
82,04212751,53821638,49,1,49
83,93179973,47229877,237,6,1422
84,22737083,62288538,433,7,3031
85,25640168,27991336,489,4,1956
86,04635406,94597929,232,9,2088
87,11877448,50111367,405,2,810
88,09424852,00596183,151,8,1208
89,01087161,65647721,8,1,8
90,14877780,73306955,273,4,1092
91,16183605,93748148,70,11,770
92,73906865,96003985,435,11,4785
93,92157866,97548256,256,4,1024
94,85315396,03991015,79,13,1027
95,73546382,35850144,120,6,720
96,65326121,97220800,168,10,1680
97,26891996,54726413,282,2,564
98,59344636,50648771,216,12,2592
99,37973490,59886785,230,14,3220
100,47605817,64234540,313,15,4695
101,61931763,60942661,297,6,1782
102,12429547,46297754,309,1,309
103,80883005,17292351,111,1,111
104,85262560,40519852,414,6,2484
105,79313995,53966728,357,8,2856
106,65877555,34536308,96,6,576
107,52077739,91719690,157,8,1256
108,96303412,15954817,212,4,848
109,70865301,20568962,417,15,6255
110,12932085,04987529,177,14,2478
111,58131817,04963707,52,14,728
112,29593262,01106305,404,9,3636
113,90117435,03283011,81,2,162
114,22354167,14450372,477,2,954
115,63411072,48124287,122,13,1586
116,93838566,56950618,268,3,804
117,62472944,02034898,245,3,735
118,58393611,81987757,159,12,1908
119,17677707,12061792,434,4,1736
120,36395323,43522187,51,13,663
121,61243200,30321403,168,14,2352
122,14557675,86116169,8,15,120
123,88800820,82428730,369,15,5535
124,56976632,11051626,276,2,552
125,66922247,61715295,425,13,5525
126,07072963,34802755,74,3,222
127,46803252,21032028,360,8,2880
128,05897780,38310270,50,1,50
129,64565804,25664263,13,5,65
130,69221330,57748887,140,15,2100
131,64736877,45093807,208,1,208
132,88615394,79537094,496,2,992
133,28352020,76854477,310,2,620
134,02468761,40424712,279,2,558
135,89330333,87515763,221,4,884
136,04994381,83603457,363,13,4719
137,62938075,99062026,123,4,492
138,66389286,21454622,394,10,3940
139,11910060,47604988,171,6,1026
140,04576839,27829783,356,6,2136
141,43498307,03857717,111,6,666
142,85807839,86144667,238,14,3332
143,39629951,86418812,46,8,368
144,70249408,75284725,158,12,1896
145,40256184,53443465,431,10,4310
146,64659992,84205957,459,12,5508
147,71740904,43827725,138,11,1518
148,71038858,74741786,86,15,1290
149,37972691,47452688,483,8,3864
150,45037948,41935507,245,14,3430
151,89765159,83013690,410,3,1230
152,09229358,58583333,363,1,363
153,20577100,16781481,119,11,1309
154,92800847,89417843,141,6,846
155,03713648,30894532,488,9,4392
156,86403184,22772787,284,8,2272
157,59705390,53926357,381,11,4191
158,25776836,53020727,305,5,1525
159,07177217,96873793,139,6,834
160,97553700,13507046,179,15,2685
161,02960180,94688108,382,6,2292
162,46134097,77384553,251,4,1004
163,89227534,33105727,441,14,6174
164,40656311,66850632,161,10,1610
165,53761514,55536097,444,6,2664
166,03986882,49827019,73,1,73
167,52835940,44049959,374,14,5236
168,04066897,15036643,442,15,6630
169,93103572,27831519,251,7,1757
170,04928126,77036810,188,2,376
171,51503673,14550782,344,6,2064
172,05275939,79115476,62,13,806
173,37749910,90987915,355,8,2840
174,53584335,31340557,432,2,864
175,36213931,29489541,396,7,2772
176,76388446,90580383,250,15,3750
177,43339778,51209933,277,15,4155
178,55582841,95541587,398,12,4776
179,42849131,28868804,223,11,2453
180,40195612,35731320,93,4,372
181,48573405,21083341,328,11,3608
182,94015812,82280666,394,12,4728
183,59258858,93805728,183,15,2745
184,01628111,88134260,64,14,896
185,59460442,47999381,241,8,1928
186,84969415,02401416,49,8,392
187,90732294,55414166,392,10,3920
188,57897059,07032967,356,11,3916
189,74767427,86550802,93,8,744
190,60701138,78708532,489,1,489
191,84930460,86902076,254,3,762
192,94140484,92956445,158,8,1264
193,21293382,45761324,422,5,2110
194,01844306,09107625,316,14,4424
195,74061389,48180399,127,2,254
196,56177336,75163631,465,13,6045
197,30267190,11313960,367,2,734
198,15895851,30220041,464,3,1392
199,17013536,77003454,108,6,648
200,29330416,11979920,153,14,2142
201,84720467,45677533,424,3,1272
202,70507997,56248258,99,13,1287
203,29493234,14469824,279,10,2790
204,84324122,69349522,1,10,10
205,76026492,68199043,235,10,2350
206,76719516,93268080,240,11,2640
207,26575438,80748731,104,11,1144
208,15477668,50431625,167,10,1670
209,89718490,10869628,390,1,390
210,23802230,25873955,190,1,190
211,89028896,98769766,59,5,295
212,90059698,68761745,286,6,1716
213,30264663,35460060,227,9,2043
214,58179680,34530054,95,10,950
215,61357495,36357833,400,10,4000
216,69796302,78825512,65,4,260
217,42381631,07979873,196,11,2156
218,47732636,33224909,159,15,2385
219,61374980,46535719,335,13,4355
220,72140550,08619501,335,15,5025
221,73702320,39045027,106,14,1484
222,40270050,58396322,185,6,1110
223,81326204,22457929,455,1,455
224,29907694,31307802,108,13,1404
225,35860600,99090210,59,12,708
226,02352657,94785159,125,1,125
227,93700443,82706951,268,10,2680
228,65801635,61817272,123,13,1599
229,19896618,21531354,171,5,855
230,18253191,05734726,46,8,368
231,22221292,57227757,210,11,2310
232,01059250,02411477,49,11,539
233,10489826,45952050,478,2,956
234,00494540,60907912,233,15,3495
235,49510379,64108766,245,15,3675
236,22327994,07951213,364,2,728
237,75430313,47321335,267,11,2937
238,90696077,94308860,181,1,181
239,12516667,55231312,469,4,1876
240,19219073,62962230,29,5,145
241,12989249,98635214,15,10,150
242,69590603,06477578,435,15,6525
243,76927881,70049374,221,10,2210
244,86071901,95094106,157,2,314
245,18468816,11882626,349,4,1396
246,60374455,00645881,402,4,1608
247,55435000,17784337,9,3,27
248,11660736,59779599,454,10,4540
249,80708643,30621596,63,1,63
250,22235473,29664047,422,9,3798
251,96760550,44175719,431,8,3448
252,38187070,01692761,431,14,6034
253,74086313,29995004,203,9,1827
254,23614802,50092710,16,14,224
255,09040199,99340469,37,11,407
256,71985022,21586491,68,1,68
257,52238932,05580620,340,10,3400
258,33286853,19086149,380,13,4940
259,67851225,31729970,234,2,468
260,33656038,96860823,164,7,1148
261,38188534,99461072,244,6,1464
262,62703413,45065774,419,15,6285
263,41279700,07833748,136,15,2040
264,64426464,18417524,425,9,3825
265,81915637,28376446,125,13,1625
266,11739999,33337944,142,11,1562
267,97215318,09287396,235,9,2115
268,57326467,02562698,153,15,2295
269,03383520,65380406,364,7,2548
270,76358241,68882884,442,15,6630
271,52403873,85724792,299,11,3289
272,75387341,61491458,76,14,1064
273,13350369,23318038,116,6,696
274,48164443,35799771,206,4,824
275,91875631,24612654,440,12,5280
276,34717035,10261361,374,8,2992
277,95877006,04972037,349,11,3839
278,39416117,96428382,378,15,5670
279,78443167,49823783,429,1,429
280,25094091,17807890,214,6,1284
281,48981095,10996768,199,15,2985
282,75903565,89407264,89,11,979
283,10931196,88630939,94,3,282
284,29088812,64631936,130,10,1300
285,48253987,21450631,125,12,1500
286,87760354,02039138,75,1,75
287,11561989,18392845,252,4,1008
288,09786271,88669458,10,5,50
289,17881654,15392916,192,9,1728
290,47449046,44875688,165,15,2475
291,22488602,35274469,115,15,1725
292,37450045,85370265,491,12,5892
293,24661201,54767478,339,9,3051
294,80918653,18101157,459,8,3672
295,61400573,26342139,313,14,4382
296,82032869,34031377,47,9,423
297,96548240,84870476,181,5,905
298,13742324,87356694,381,6,2286
299,29841240,00465090,61,13,793
300,67051199,53730794,450,13,5850
301,41465516,13893019,133,11,1463
302,00216234,52583575,6,12,72
303,55568388,62033497,126,1,126
304,20284268,70486063,272,4,1088
305,99421076,45284960,349,1,349
306,06806200,19162287,297,14,4158
307,46213297,10017227,169,1,169
308,00239844,43019083,15,9,135
309,04255505,20979904,34,12,408
310,76398933,88823164,146,3,438
311,12484713,48095242,280,12,3360
312,44236809,99166465,457,5,2285
313,21532979,80200802,323,8,2584
314,80982043,47925243,452,10,4520
315,60638298,96586600,488,4,1952
316,81286331,88769776,46,9,414
317,93849913,90056215,55,7,385
318,57978369,88422572,335,10,3350
319,68694920,65523995,314,9,2826
320,57867953,31489065,103,5,515
321,25430974,35689386,426,2,852
322,47783058,00444224,230,12,2760
323,20607234,57055169,158,10,1580
324,13154042,06236458,47,5,235
325,07439964,95883724,353,6,2118
326,31147569,29424504,69,13,897
327,80721949,81360185,364,7,2548
328,40982595,44365479,321,15,4815
329,46714787,34917473,73,15,1095
330,32723700,61654419,293,12,3516
331,13752859,41492734,220,15,3300
332,25501476,07818486,274,9,2466
333,47440548,99648930,288,3,864
334,84579850,98152209,494,8,3952
335,76672293,44497392,279,11,3069
336,28735694,26718095,3,3,9
337,29873968,37959784,18,8,144
338,66942818,77133946,272,5,1360
339,83979040,31826853,212,2,424
340,04821434,58177372,212,3,636
341,66040156,54151208,83,2,166
342,33986883,68416928,140,1,140
343,40157535,86358736,420,1,420
344,25566659,55757478,82,9,738
345,77756770,62826686,85,9,765
346,64118604,28934950,380,2,760
347,87345643,63859188,241,7,1687
348,25510720,83830716,489,6,2934
349,75629052,33033440,257,8,2056
350,47693548,95662565,334,10,3340
351,15157126,06208660,472,1,472
352,36083121,23526716,324,2,648
353,21314223,73403630,385,12,4620
354,34596159,56756548,315,15,4725
355,64202181,61052185,125,14,1750
356,24113854,51491819,20,13,260
357,72848456,05790142,439,4,1756
358,11385370,05214976,306,13,3978
359,93599696,96208557,378,10,3780
360,42828051,42415541,394,8,3152
361,48706650,40519173,41,8,328
362,36303137,70203042,84,5,420
363,79755931,46867445,75,6,450
364,64704326,66738008,22,2,44
365,09517196,38001680,208,11,2288
366,02819341,97820567,76,11,836
367,87512847,10959176,107,6,642
368,62422123,82883591,248,10,2480
369,83642470,55429313,231,14,3234
370,29541690,82254087,325,10,3250
371,83746840,18346497,155,9,1395
372,74334148,09776715,111,14,1554
373,81421213,47820340,80,6,480
374,14286513,39204646,437,3,1311
375,44832681,98374502,466,13,6058
376,14988202,85489493,53,2,106
377,94219272,11550549,333,9,2997
378,46774958,60843036,135,4,540
379,30846852,19311241,474,11,5214
380,05315215,23415096,88,10,880
381,20078140,93478021,415,3,1245
382,78802353,17723442,216,8,1728
383,52562938,15530943,482,9,4338
384,49946437,11869788,54,6,324
385,58585016,90740442,266,1,266
386,21075933,53969231,449,4,1796
387,43301270,34959251,285,13,3705
388,42454588,81060863,3,10,30
389,61242784,83381614,102,11,1122
390,92751361,30092563,108,12,1296
391,73037743,08142832,296,8,2368
392,57457352,49426038,427,5,2135
393,16371767,15901729,471,3,1413
394,44420239,21591396,241,2,482
395,35869696,80925880,228,8,1824
396,46560643,63917185,25,2,50
397,01841442,93399944,315,4,1260
398,67682621,98290314,131,7,917
399,43753024,50548439,399,15,5985
400,40540825,78391369,72,4,288
401,27956380,33344782,440,7,3080
402,51640620,55109277,63,3,189
403,76449239,86349192,141,15,2115
404,77634580,54300323,80,6,480
405,75969912,33891149,414,11,4554
406,61433380,40922386,185,9,1665
407,43839476,34878033,359,2,718
408,88878799,46940193,39,10,390
409,42510031,99492557,302,11,3322
410,28401377,75628567,478,9,4302
411,26945446,43277353,288,14,4032
412,26825496,41020685,319,9,2871
413,51500351,12826919,92,8,736
414,93035644,56281958,414,8,3312
415,61254626,86111935,412,11,4532
416,54495661,43930494,367,6,2202
417,11374718,70002188,92,11,1012
418,45868696,90366628,331,1,331
419,29884179,24483940,25,13,325
420,33430829,85517264,111,3,333
421,98002573,75433406,340,3,1020
422,12700530,10681251,190,4,760
423,30551725,75736163,315,5,1575
424,21775147,37383350,33,15,495
425,57563527,83994937,255,14,3570
426,12597680,27930571,248,11,2728
427,16133730,26853079,429,7,3003
428,44739959,28318125,245,12,2940
429,16852518,80224068,222,4,888
430,47124950,18830279,410,10,4100
431,55545624,97905677,447,14,6258
432,33195407,42092919,261,6,1566
433,34305133,22398178,110,14,1540
434,05262335,05598465,127,1,127
435,30469969,35740896,12,4,48
436,30026964,74485086,5,6,30
437,29796748,08512352,323,7,2261
438,75342616,82443245,242,12,2904
439,23820333,18932355,125,4,500
440,98827763,02541051,418,11,4598
441,89674130,05619887,156,7,1092
442,28244929,43360314,289,12,3468
443,29104680,69392207,443,10,4430
444,90439407,63809152,473,1,473
445,86412353,09408265,319,12,3828
446,58730515,18043112,384,3,1152
447,06662660,13996956,316,1,316
448,51615161,80989134,275,8,2200
449,59975649,92993570,374,5,1870
450,77665270,85045354,30,2,60
451,93152372,91947680,133,14,1862
452,35536215,10755945,87,5,435
453,70538922,09459441,83,10,830
454,17366618,07309717,355,12,4260
455,08663832,53593856,179,9,1611
456,41584972,33874777,345,15,5175
457,14611575,75454777,71,9,639
458,43353422,35732297,22,3,66
459,67050871,36641468,148,1,148
460,25763690,92203105,24,12,288
461,33869124,88310688,416,15,6240
462,69532085,60245021,114,7,798
463,13566524,61454965,392,1,392
464,59342212,20414221,237,8,1896
465,78140240,99370763,467,13,6071
466,83231193,60231673,85,3,255
467,76517655,76035258,447,2,894
468,14783715,78142312,421,2,842
469,81899708,77642004,420,13,5460
470,35732792,56619782,159,10,1590
471,03857007,89454459,303,8,2424
472,21243646,63409574,428,14,5992
473,29080441,52033438,383,14,5362
474,94498622,54938199,63,10,630
475,60613516,79192835,134,13,1742
476,60288356,92341944,201,12,2412
477,69234996,54926974,134,3,402
478,04398370,49245905,477,3,1431
479,19346663,94220520,218,6,1308
480,37572822,41859803,480,2,960
481,85183261,28517214,271,15,4065
482,16694194,37772369,371,14,5194
483,91534422,90602474,33,8,264
484,25610994,40418551,235,14,3290
485,91828132,23075320,310,6,1860
486,07282201,79868754,469,5,2345
487,96691366,90878374,330,12,3960
488,96895757,45855047,165,7,1155
489,12839179,84722355,385,4,1540
490,03227473,66771067,198,1,198
491,00905183,63622218,364,10,3640
492,41865439,76406683,392,12,4704
493,03874097,03046982,436,6,2616
494,97036654,25033557,210,10,2100
495,47245068,54775350,19,13,247
496,55175807,56395983,290,1,290
497,41853856,65844120,92,2,184
498,97228332,48141529,6,14,84
499,94241662,61118256,490,8,3920
500,37638696,86667388,218,3,654
501,59882923,20710941,40,2,80
502,09663633,75502997,466,5,2330
503,31104531,00197854,469,2,938
504,78674165,43897056,434,2,868
505,85478213,33365725,236,13,3068
506,49865301,84269188,60,7,420
507,82951665,74686698,339,5,1695
508,76633669,80954279,251,14,3514
509,10395554,80004615,244,6,1464
510,00955416,03966655,161,10,1610
511,80580775,22211248,386,7,2702
512,63185201,82097585,90,11,990
513,48757423,43572953,386,9,3474
514,91425065,66800958,83,1,83
515,97298731,10554517,115,12,1380
516,44535414,41039342,204,13,2652
517,17880121,42623557,165,5,825
518,17160520,09922839,179,3,537
519,40185095,92763326,185,1,185
520,74876655,15791801,202,10,2020
521,97613336,13094768,346,1,346
522,00669702,86406383,253,15,3795
523,22244314,26688091,401,15,6015
524,18233568,64982786,332,9,2988
525,41898956,62212519,14,10,140
526,89143568,96264751,108,15,1620
527,07779350,10633137,123,11,1353
528,82354275,23499454,77,8,616
529,38298561,72983270,156,10,1560
530,56006285,14416996,288,14,4032
531,82109226,88449647,104,3,312
532,73771029,52052675,64,3,192
533,53272300,27903056,209,15,3135
534,86914673,76285967,100,11,1100
535,17411509,92342583,96,9,864
536,23121881,18700008,107,3,321
537,60522238,81971268,113,3,339
538,73973461,16375734,89,8,712
539,95433813,00117517,340,11,3740
540,83427015,92360297,204,6,1224
541,32688535,90222382,249,7,1743
542,65695517,60972354,364,11,4004
543,06330170,79080651,221,3,663
544,95964942,70639902,317,1,317
545,00804783,25612165,294,4,1176
546,98194537,43647507,443,12,5316
547,41611289,38204944,367,14,5138
548,96337837,65967010,321,15,4815
549,13398873,48787468,343,13,4459
550,40307701,33375724,43,9,387
551,03991633,01660630,308,14,4312
552,59578130,94783902,245,15,3675
553,54332669,54371866,204,8,1632
554,46864468,56665659,52,9,468
555,74364640,07769160,343,9,3087
556,26018836,21715396,232,14,3248
557,13280512,90318542,241,4,964
558,30506701,41633366,446,13,5798
559,24127974,96164600,122,10,1220
560,42971290,24796408,378,4,1512
561,83919367,97943167,406,6,2436
562,76843679,60582157,24,11,264
563,44874858,72478912,453,13,5889
564,24058131,46848796,168,5,840
565,51953607,56189360,379,6,2274
566,34553725,59924173,342,3,1026
567,69365409,49111828,124,7,868
568,68036041,66044673,195,4,780
569,25833331,96095751,294,8,2352
570,08044051,68977276,225,11,2475
571,62276412,57807416,198,2,396
572,70136302,70567892,195,13,2535
573,35084846,31658102,52,9,468
574,62736114,17011983,141,9,1269
575,47084650,99636524,222,13,2886
576,69063282,76437779,481,11,5291
577,43247769,86170338,83,1,83
578,01760286,28058458,348,11,3828
579,46495198,62944137,185,13,2405
580,92830615,71348384,402,8,3216
581,31233354,36619917,310,5,1550
582,13664220,21540776,253,15,3795
583,49202922,73873594,17,8,136
584,39993120,32351095,425,14,5950
585,77641496,24389648,391,11,4301
586,00893114,86439350,142,15,2130
587,27644843,81031979,230,4,920
588,76697005,37534899,380,12,4560
589,27322185,47294134,86,5,430
590,63247930,91292155,131,6,786
591,21479083,44190927,194,3,582
592,51697952,44371517,154,1,154
593,87447880,28766414,200,7,1400
594,05088935,20160890,83,4,332
595,18840254,23399990,105,12,1260
596,26228747,55871938,392,10,3920
597,52777882,58104361,382,6,2292
598,29391332,08626493,339,13,4407
599,98987702,10695371,424,2,848
600,41192832,59994466,294,8,2352
601,53207906,14973604,70,1,70
602,54381506,01523669,456,14,6384
603,17959018,88176222,168,15,2520
604,58069448,09993129,126,5,630
605,23143050,10272138,165,12,1980
606,70626339,50444793,391,2,782
607,60658128,03310687,334,3,1002
608,27771525,02115665,67,11,737
609,85965836,03214596,317,7,2219
610,18433449,18070514,86,10,860
611,95745749,64681719,50,10,500
612,32089264,65077771,420,8,3360
613,60863843,57346847,81,13,1053
614,35319047,72259917,425,5,2125
615,67399017,30739383,150,2,300
616,43966998,61822177,427,13,5551
617,46002792,31713818,492,5,2460
618,84373168,51962357,134,11,1474
619,84988720,47054059,101,15,1515
620,51386269,07580024,303,1,303
621,78850521,73236320,416,5,2080
622,36836185,24744799,198,6,1188
623,13772819,28803737,330,12,3960
624,48685412,36465941,430,1,430
625,52930195,47921740,339,9,3051
626,34158609,70246063,349,13,4537
627,26767376,03118436,386,14,5404
628,51613457,27497609,434,5,2170
629,75834043,62810807,22,12,264
630,15430144,48323338,345,15,5175
631,52522499,35282167,106,11,1166
632,36014576,79765619,293,1,293
633,92469822,49031744,6,8,48
634,86194198,87577433,51,8,408
635,83893056,50384259,257,9,2313
636,66671343,90351389,488,6,2928
637,17764070,35418856,456,12,5472
638,82455248,62843829,360,7,2520
639,56968507,52664434,329,8,2632
640,89894378,37385194,320,8,2560
641,03879924,28248712,288,9,2592
642,19979632,46052964,213,2,426
643,23866010,84785701,84,2,168
644,60255532,06106751,495,12,5940
645,60532022,80786115,168,10,1680
646,95117188,89422793,419,13,5447
647,81331260,22269751,369,1,369
648,79492096,52694158,87,10,870
649,13817886,32079593,38,10,380
650,51613471,55346689,118,8,944
651,24218993,11312864,110,10,1100
652,04476672,55870603,351,9,3159
653,74861699,31789684,145,10,1450
654,67536504,80964803,268,3,804
655,53871527,77022356,242,10,2420
656,85375611,17449465,463,5,2315
657,05490837,89898314,440,6,2640
658,95537559,82204143,179,9,1611
659,76106330,98634217,349,3,1047
660,19909653,15643742,447,12,5364
661,22148131,41074466,301,15,4515
662,89668351,69639937,66,7,462
663,26765310,77311450,115,12,1380
664,44808198,13275075,70,10,700
665,90364471,54298859,285,5,1425
666,24380898,97738688,391,3,1173
667,47939653,76225529,365,4,1460
668,66797074,70131413,72,1,72
669,44427498,15092724,56,4,224
670,30774346,56422832,482,12,5784
671,38470646,23302013,191,15,2865
672,19206066,65476239,88,3,264
673,07668937,30221208,378,11,4158
674,00395687,40065731,316,15,4740
675,74578733,09288362,404,4,1616
676,74154241,16248427,383,3,1149
677,87254846,98546794,160,2,320
678,31926584,36031658,94,7,658
679,30455719,87906400,330,2,660
680,19287089,47154902,287,6,1722
681,51828264,48114240,209,11,2299
682,56030266,12500840,372,13,4836
683,64395821,79330763,479,1,479
684,39614551,46870292,274,12,3288
685,55131742,00253093,31,13,403
686,54151581,31214285,444,7,3108
687,06374969,55284288,307,9,2763
688,30862449,29564613,334,6,2004
689,70655759,20132576,203,1,203
690,65827383,34015889,154,7,1078
691,82081720,43876013,470,12,5640
692,84680655,64256894,393,10,3930
693,43184606,46468314,414,12,4968
694,88499666,92193741,267,9,2403
695,16916470,20323264,453,11,4983
696,02254104,02182803,322,2,644
697,72794074,23797239,280,1,280
698,18741643,16826601,262,13,3406
699,00522601,27227763,99,14,1386
700,20773670,14090493,491,3,1473
701,23079090,24250399,274,7,1918
702,31635356,29942640,237,11,2607
703,64432472,64711416,299,7,2093
704,85824782,85677654,342,12,4104
705,36710829,10718872,425,8,3400
706,46576538,49481402,489,14,6846
707,73995333,90836671,105,15,1575
708,61515222,25865707,46,6,276
709,78871557,31254076,8,15,120
710,22720986,20880118,71,8,568
711,15178169,40099620,340,15,5100
712,08203182,77510433,420,1,420
713,46957849,55846042,337,8,2696
714,02489841,91557629,443,1,443
715,41988817,26116044,158,7,1106
716,66021223,23666849,54,10,540
717,06992729,93549783,5,10,50
718,15942593,85926141,81,12,972
719,81534944,43841301,392,10,3920
720,64522579,10362280,340,7,2380
721,58962480,45813375,468,7,3276
722,53910196,77345127,437,4,1748
723,47755796,91744814,7,15,105
724,64198606,13272050,343,7,2401
725,33078922,14787331,229,9,2061
726,94608618,95593289,389,9,3501
727,33552262,48156998,385,11,4235
728,04781745,30690264,264,13,3432
729,23895539,60746719,378,5,1890
730,01424485,10726921,136,13,1768
731,73780274,93716130,453,5,2265
732,08522337,88861487,201,15,3015
733,00314916,36905898,32,12,384
734,15240286,61497887,67,13,871
735,55459082,49326499,382,7,2674
736,64391328,98011117,288,13,3744
737,46241313,48394161,293,8,2344
738,68732561,53352118,384,8,3072
739,62104494,89319406,46,5,230
740,31860710,39485311,395,5,1975
741,75913762,35280989,460,12,5520
742,01897289,03855027,51,8,408
743,57728643,30035478,465,14,6510
744,27513873,07968839,148,1,148
745,51172404,26807447,497,1,497
746,83166075,36209309,267,6,1602
747,34590669,43011636,141,11,1551
748,90651380,67835478,347,8,2776
749,18165197,94883213,69,1,69
750,23296435,80013631,300,7,2100
751,79892599,24237772,362,11,3982
752,87521429,78156692,397,9,3573
753,54994676,73785996,337,9,3033
754,84333667,36665983,54,3,162
755,25215595,64017778,249,11,2739
756,62003308,83766336,50,1,50
757,12674398,62099622,427,1,427
758,34185629,64568478,339,3,1017
759,69140204,43363643,423,7,2961
760,69965586,97003083,220,2,440
761,21126345,54781511,351,2,702
762,97801689,77816566,81,3,243
763,07374814,47510463,88,9,792
764,72168578,30509498,498,10,4980
765,94632699,30562349,471,14,6594
766,38429378,21528002,484,14,6776
767,62605052,01053753,305,4,1220
768,05789436,77163486,386,7,2702
769,79220248,08380081,446,7,3122
770,26902869,57322599,396,4,1584
771,18692457,13575847,473,2,946
772,23288218,83710360,195,15,2925
773,88557434,64269269,200,5,1000
774,82774158,88053677,291,8,2328
775,83982620,29452293,140,5,700
776,11878797,31894449,275,2,550
777,11794301,62297981,483,4,1932
778,19507736,96614082,379,3,1137
779,76646768,55445382,189,15,2835
780,72711231,36887279,155,10,1550
781,29307746,70553260,370,15,5550
782,32243321,45221354,408,3,1224
783,68430269,68094027,294,10,2940
784,70572469,97490791,228,7,1596
785,26780009,44065348,473,13,6149
786,16453708,32379495,424,14,5936
787,98856299,22947048,489,12,5868
788,17348362,99491635,447,13,5811
789,92521025,65670705,133,12,1596
790,92651197,28370185,27,8,216
791,48527712,14607554,274,6,1644
792,07844157,17555906,342,4,1368
793,56855036,23763364,112,1,112
794,46803436,96936269,163,11,1793
795,23066649,17422147,241,11,2651
796,41153987,19254579,71,2,142
797,98782260,99369163,226,13,2938
798,84061805,80759287,129,12,1548
799,90303197,21540837,328,14,4592
800,52369421,20788292,263,8,2104
801,60545558,29573585,155,14,2170
802,40254340,93065276,286,11,3146
803,95221977,73656746,265,14,3710
804,26310909,74125722,363,12,4356
805,80811633,40325453,88,11,968
806,08913173,06357252,366,15,5490
807,25488753,01693218,113,14,1582
808,28825234,01152012,3,14,42
809,93263030,39490872,291,13,3783
810,18651881,21519963,390,5,1950
811,85911604,50188826,130,3,390
812,70122114,52749346,277,4,1108
813,96027837,36697069,240,11,2640
814,13438029,14586781,124,2,248
815,76206139,11877493,229,11,2519
816,59841463,41122617,84,13,1092
817,29148042,17406468,5,11,55
818,80567615,51676599,95,1,95
819,75697822,54859234,496,4,1984
820,87324952,69343650,254,6,1524
821,68834968,79728270,225,2,450
822,43656608,36859078,64,10,640
823,76723742,46221773,98,14,1372
824,49378115,34373521,157,14,2198
825,59530053,17822367,298,6,1788
826,36874774,78529953,186,8,1488
827,57545646,47237421,440,12,5280
828,80367949,54229112,496,8,3968
829,59631224,64263199,273,12,3276
830,67775866,23120327,275,3,825
831,53555588,59349761,253,15,3795
832,32850116,62537971,346,8,2768
833,45796890,51939939,36,6,216
834,09065529,47596788,62,9,558
835,59758303,20379179,433,6,2598
836,25281415,30674370,387,8,3096
837,96654934,83225376,55,8,440
838,05218011,75733414,273,7,1911
839,50278879,34778487,14,13,182
840,20979867,13312596,276,15,4140
841,46968753,59987208,148,7,1036
842,46089762,89090503,330,10,3300
843,67368778,68768607,69,1,69
844,22361622,91170071,431,3,1293
845,43394203,57424200,415,4,1660
846,63273427,97966838,137,4,548
847,91810939,09170421,95,10,950
848,88957784,03574485,164,13,2132
849,25980011,72876558,118,8,944
850,46834713,86692632,355,5,1775
851,25893038,67720187,473,5,2365
852,80719175,72267585,495,6,2970
853,35978954,57470184,287,5,1435
854,97438991,84749628,10,3,30
855,08164315,21869204,200,15,3000
856,86944007,48627696,252,8,2016
857,97141310,79361330,446,12,5352
858,13673239,42452201,382,2,764
859,25017199,81407637,104,1,104
860,55135757,51581060,247,7,1729
861,51002442,15163240,138,8,1104
862,03772898,83455513,152,10,1520
863,13625566,92319172,369,10,3690
864,08545268,80374190,402,3,1206
865,74750061,11686705,399,2,798
866,95867809,32140934,271,6,1626
867,52259173,69638237,93,7,651
868,67058914,52642135,64,4,256
869,70904307,91672889,28,5,140
870,60307064,66815877,176,2,352
871,10872635,52054839,327,14,4578
872,90679827,31303668,439,1,439
873,26269672,57962924,457,15,6855
874,92159297,11791836,380,5,1900
875,00143158,10499603,152,10,1520
876,25989236,83504112,456,8,3648
877,66289951,29412594,240,6,1440
878,04490067,26803845,355,12,4260
879,51860370,74626540,440,4,1760
880,58090466,05011339,87,6,522
881,39067609,58698464,371,11,4081
882,66225348,18514049,470,7,3290
883,32816808,38092343,293,12,3516
884,24850087,13509033,233,6,1398
885,89118801,15747341,215,8,1720
886,13619800,09496446,181,6,1086
887,67131655,69656453,168,15,2520
888,26872063,46760944,81,4,324
889,36408863,20511968,115,4,460
890,07473876,26475097,182,4,728
891,58162750,17537735,17,11,187
892,44505981,72508244,107,7,749
893,60354082,74423507,375,1,375
894,97489252,44278199,255,10,2550
895,04897200,62828314,373,11,4103
896,56992083,24541084,83,14,1162
897,38827471,87064506,329,12,3948
898,44726980,04175483,207,11,2277
899,15900760,65324066,481,11,5291
900,60075390,40859064,459,5,2295
901,86137461,94110593,324,14,4536
902,46775047,32997132,429,10,4290
903,24134682,61381797,111,12,1332
904,22438805,97105824,33,7,231
905,46055880,47134447,73,2,146
906,35069447,93737678,141,4,564
907,34657843,53835147,32,3,96
908,07438875,47323209,352,5,1760
909,87298581,02465838,390,15,5850
910,60723116,78279827,162,14,2268
911,24772877,39028105,313,3,939
912,21204388,93953467,490,12,5880
913,42292531,06142957,493,3,1479
914,62121781,69780066,308,15,4620
915,43476572,06698379,461,5,2305
916,02273761,22944269,337,2,674
917,34397312,37654733,221,3,663
918,96516096,81183166,156,6,936
919,18172089,04944553,456,6,2736
920,67883660,51116453,495,9,4455
921,40955254,18513387,259,12,3108
922,21079054,37355388,436,10,4360
923,21313974,55113205,56,8,448
924,60692214,33869292,362,13,4706
925,82567798,79970174,438,1,438
926,26812403,82600600,432,12,5184
927,74013104,51956646,423,8,3384
928,62869409,58393895,448,9,4032
929,73487760,54741638,198,2,396
930,23399990,70329988,225,3,675
931,46317551,61680364,372,6,2232
932,56448979,71584409,165,2,330
933,61028692,70937213,486,4,1944
934,60038371,37895686,440,13,5720
935,64320755,92753747,412,12,4944
936,76158902,50782666,428,10,4280
937,99832988,93516884,187,8,1496
938,26069333,57184944,341,8,2728
939,72790960,04662327,24,15,360
940,41919705,53001863,148,14,2072
941,01591903,98168576,134,4,536
942,80026167,38703423,183,4,732
943,71514239,09582910,174,11,1914
944,86958561,92611054,63,4,252
945,43923380,10456828,198,3,594
946,43098248,57046532,363,5,1815
947,10506639,65259139,275,13,3575
948,48794435,06473396,216,2,432
949,12722631,86639552,277,11,3047
950,68126865,80914167,210,10,2100
951,07344558,29895007,21,11,231
952,42808817,70824285,325,14,4550
953,36293438,70795592,364,5,1820
954,05287499,17373555,427,6,2562
955,81571390,19083155,213,11,2343
956,74538102,05758944,99,4,396
957,26953533,20716691,387,3,1161
958,50805938,77129222,306,1,306
959,92762251,92147768,417,15,6255
960,33377001,69663345,211,5,1055
961,41259948,24783231,363,5,1815
962,55675956,76668814,70,10,700
963,29713004,94609400,63,10,630
964,34852309,05076659,189,6,1134
965,64357751,80030942,377,10,3770
966,09686540,55250290,2,1,2
967,07981739,47805873,439,5,2195
968,95187587,17584135,405,1,405
969,77824219,28854715,414,10,4140
970,03615294,87951936,365,13,4745
971,14737183,41662052,193,2,386
972,50837847,58931516,207,15,3105
973,79766913,79489775,76,7,532
974,37058081,67364152,379,6,2274
975,16186637,82732899,34,15,510
976,92162976,29670918,40,14,560
977,21590627,10780480,70,1,70
978,18545302,93789615,31,15,465
979,68125097,99952389,115,12,1380
980,05714155,59380818,185,8,1480
981,67481767,53463357,82,11,902
982,40289274,54633094,289,5,1445
983,93837217,50158591,216,4,864
984,68493448,24768849,124,5,620
985,15295705,20959517,364,1,364
986,62541299,56494778,231,11,2541
987,59025993,97316978,76,11,836
988,15046376,95244952,60,5,300
989,80301684,70181814,278,4,1112
990,78544000,95175065,278,1,278
991,45728396,22464958,353,1,353
992,13163686,63157505,68,12,816
993,34629789,98478866,381,5,1905
994,37799250,03935743,238,6,1428
995,47547667,16293540,18,3,54
996,09662384,09088566,349,15,5235
997,40854090,56093865,234,1,234
998,10365533,56693119,267,1,267
999,26510705,48241090,20,11,220
