order_ID,account_ID,delivery_date,address_ID
87536140,55864558,1/1/2021,57623160
76736360,54632950,1/1/2021,86664103
45456909,78927490,1/1/2021,73373599
87726459,64027968,1/1/2021,88916569
52401176,20943134,1/1/2021,28573692
44734183,12171682,1/1/2021,41875957
93870061,57200729,1/1/2021,81237289
60781086,79370424,1/1/2021,83332845
3395356,67769186,1/1/2021,46489555
59115762,62954532,1/1/2021,70395761
63530667,46235077,1/1/2021,7115592
1047530,89747742,1/1/2021,43967216
4609353,28233930,1/1/2021,17870306
60843661,25218084,1/1/2021,47153271
9764262,38539305,1/1/2021,20423049
49879797,64128238,1/1/2021,87751628
74509867,5007448,1/1/2021,49605372
77270290,28410294,1/1/2021,8950697
24770316,99114787,1/1/2021,22522337
48590,47252820,1/1/2021,56736304
21993909,70949933,1/1/2021,4630630
19450490,62301251,1/1/2021,52552618
53364012,35649434,1/1/2021,18007947
26973067,78621268,1/1/2021,82503901
73205982,63371963,1/1/2021,27410356
9375185,16772250,1/1/2021,6991494
90583520,51827410,1/1/2021,2703800
1407471,34006368,1/1/2021,68947989
16817463,84709608,1/1/2021,41550953
36569304,83381270,1/1/2021,35629320
81932375,13967062,1/1/2021,20246662
9289451,15316356,1/1/2021,36929351
26163369,70785289,1/1/2021,71164991
47972650,75378950,1/1/2021,40548418
1396317,12397204,1/1/2021,53545183
50609598,33079226,1/1/2021,7571015
20554422,41986561,1/1/2021,80034513
43665570,86522106,1/1/2021,15697745
15184542,45390876,1/1/2021,28000051
22737083,59587385,1/1/2021,49225129
25640168,12615407,1/1/2021,67725533
92157866,63270532,1/1/2021,41413159
73546382,59283546,1/1/2021,90100673
59344636,49519372,1/1/2021,34682869
47605817,92934405,1/1/2021,72665640
79313995,46231284,1/1/2021,66487623
52077739,91705037,1/1/2021,65515938
96303412,64926902,1/1/2021,76247590
70865301,78539693,1/1/2021,25203165
58131817,52488085,1/1/2021,14527449
62472944,76376962,1/1/2021,8536174
17677707,34246283,1/1/2021,92335660
36395323,18695922,1/1/2021,91084095
14557675,78046870,1/1/2021,60568472
88800820,44972677,1/1/2021,8654779
7072963,66414377,1/1/2021,30409743
5897780,64246574,1/1/2021,89694374
64565804,85119734,1/1/2021,58190609
64736877,62267366,1/1/2021,47743083
89330333,99876654,1/1/2021,6688233
4994381,59861928,1/1/2021,29662739
66389286,63138504,1/1/2021,79522052
4576839,70710137,1/1/2021,46522283
43498307,37883379,1/1/2021,89104071
85807839,65426234,1/1/2021,9157002
39629951,56896435,1/1/2021,17112000
37972691,66180050,1/1/2021,47514775
45037948,77111715,1/1/2021,15949080
89765159,21783746,1/1/2021,70155846
3713648,920353,1/1/2021,38582387
86403184,95953861,1/1/2021,29007820
7177217,66578451,1/1/2021,94080766
46134097,70547122,1/1/2021,27324912
89227534,88333052,1/1/2021,8498441
40656311,73437147,1/1/2021,6711757
51503673,66710592,1/1/2021,58467213
5275939,9318632,1/1/2021,17188296
36213931,2788845,1/1/2021,25810103
76388446,93209762,1/1/2021,39348968
1628111,15934345,1/1/2021,1809091
90732294,19735726,1/1/2021,41235027
74767427,29813339,1/1/2021,96684573
60701138,41439326,1/1/2021,29424511
21293382,76567681,1/1/2021,93999571
1844306,15769251,1/1/2021,27585306
74061389,8442536,1/1/2021,1960891
56177336,99199081,1/1/2021,71351100
15895851,41091555,1/1/2021,51401368
29330416,64213132,1/1/2021,91549204
29493234,88121321,1/1/2021,85679085
76026492,45515491,1/1/2021,31318068
76719516,17803489,1/1/2021,88561295
89718490,80978848,1/1/2021,22052162
23802230,2488677,1/1/2021,48114189
89028896,97705307,1/1/2021,28382546
61357495,22128669,1/1/2021,81834464
42381631,22158130,1/1/2021,432283
72140550,91169419,1/1/2021,58875292
40270050,81016891,1/1/2021,92588288
2352657,4927587,1/1/2021,66785569
93700443,10348772,1/1/2021,91135469
18253191,40385600,1/1/2021,97834748
22221292,51799267,1/1/2021,47879140
1059250,34333112,1/1/2021,17925730
10489826,41564028,1/1/2021,22140876
494540,43869114,1/1/2021,12277988
22327994,49746419,1/1/2021,66092582
75430313,82355746,1/1/2021,30590298
90696077,48383042,1/1/2021,64730219
12516667,86640138,1/1/2021,38535277
69590603,88081410,1/1/2021,41431764
76927881,11415251,1/1/2021,83514579
86071901,25383751,1/1/2021,78531215
55435000,60284723,1/1/2021,77843616
11660736,47586192,1/1/2021,37027551
74086313,18116908,1/1/2021,54245976
23614802,12208555,1/1/2021,39691392
9040199,33122182,1/1/2021,86406598
71985022,5037070,1/1/2021,15174000
33286853,77315373,1/1/2021,81027835
67851225,43345427,1/1/2021,927895
38188534,60257642,1/1/2021,53742384
64426464,61001107,1/1/2021,29742882
81915637,40539683,1/1/2021,71989556
97215318,27951538,1/1/2021,90348228
3383520,48938532,1/1/2021,66098157
52403873,51448561,1/1/2021,46841452
13350369,90770784,1/1/2021,21504372
39416117,67486212,1/1/2021,14094613
78443167,11055174,1/1/2021,73243977
25094091,72866030,1/1/2021,14731907
48981095,31730136,1/1/2021,52557156
75903565,97742135,1/1/2021,97733690
10931196,52867279,1/1/2021,4963516
87760354,16244993,1/1/2021,55450263
11561989,5231300,1/1/2021,76042904
17881654,13427122,1/1/2021,82986896
22488602,67609673,1/1/2021,79629737
37450045,922005,1/1/2021,14485251
24661201,3673447,1/1/2021,14191862
61400573,50174591,1/1/2021,15356697
82032869,23407657,1/1/2021,63379204
67051199,45988172,1/1/2021,81821068
216234,9997943,1/1/2021,24915984
55568388,85855915,1/1/2021,4578413
99421076,33197470,1/1/2021,75409548
46213297,53264114,1/1/2021,48341592
4255505,21659775,1/1/2021,87934083
12484713,75229085,1/1/2021,60370952
44236809,28305460,1/1/2021,20041724
60638298,62156165,1/1/2021,8050052
93849913,96552056,1/1/2021,48328203
57978369,21551741,1/1/2021,32937428
25430974,55595780,1/1/2021,87496307
47783058,35334309,1/1/2021,55381871
13154042,53772701,1/1/2021,20077259
7439964,43749416,1/1/2021,14191183
80721949,65202661,1/1/2021,41141106
40982595,88193861,1/1/2021,74346714
46714787,98863839,1/1/2021,50416868
13752859,99771577,1/1/2021,61322332
25501476,68323332,1/1/2021,23575684
47440548,84795014,1/1/2021,76446177
84579850,96053515,1/1/2021,92757875
28735694,47160095,1/1/2021,87619249
66942818,78581326,1/1/2021,73990420
66040156,28745693,1/1/2021,29618095
25566659,89870037,1/1/2021,76724732
77756770,35823872,1/1/2021,20438388
87345643,23437371,1/1/2021,92881365
25510720,74536283,1/1/2021,57306629
36083121,87402162,1/1/2021,14217418
34596159,82369880,1/1/2021,3530122
24113854,84193247,1/1/2021,274647
93599696,28639671,1/1/2021,90291968
42828051,98506163,1/1/2021,68536886
48706650,78132450,1/1/2021,7001420
9517196,86580298,1/1/2021,22420176
87512847,50374274,1/1/2021,51843564
29541690,39861313,1/1/2021,46202710
74334148,32496345,1/1/2021,46778222
81421213,26464374,1/1/2021,76975486
44832681,44336400,1/1/2021,86932486
14988202,71911236,1/1/2021,88330181
94219272,87231953,1/1/2021,24110563
46774958,69934100,1/1/2021,18709827
5315215,1533712,1/1/2021,77090232
78802353,59017196,1/1/2021,64184647
52562938,61014848,1/1/2021,99765064
49946437,75145064,1/1/2021,8370105
21075933,69005152,1/1/2021,56624403
61242784,83320163,1/1/2021,7442889
57457352,8769077,1/1/2021,38366451
16371767,351171,1/1/2021,42969662
35869696,49261417,1/1/2021,27406687
67682621,30925014,1/1/2021,92025417
43753024,62390194,1/1/2021,31948227
27956380,656252,1/1/2021,93617673
76449239,49331974,1/1/2021,14011849
77634580,11511045,1/1/2021,83184635
75969912,93069793,1/1/2021,94471861
61433380,95419893,1/1/2021,15307590
43839476,62233149,1/1/2021,60978158
28401377,22167798,1/1/2021,34817896
93035644,43199723,1/1/2021,44269111
61254626,5009152,1/1/2021,28811596
11374718,36154104,1/1/2021,43693023
29884179,11424420,1/1/2021,31648486
33430829,46404602,1/1/2021,7235344
12700530,28182801,1/1/2021,17434140
30551725,48242899,1/1/2021,75511371
57563527,59434665,1/1/2021,41431016
12597680,2272115,1/1/2021,54488557
16133730,15739247,1/1/2021,70244670
44739959,15735782,1/1/2021,75491215
47124950,55982894,1/1/2021,45983917
34305133,57279268,1/1/2021,80073574
5262335,9168541,1/1/2021,50626106
30469969,77181855,1/1/2021,14134760
89674130,58710081,1/1/2021,69036262
90439407,43437597,1/1/2021,97299028
6662660,41376522,1/1/2021,60084668
51615161,72154687,1/1/2021,10954225
59975649,70152050,1/1/2021,40787404
77665270,82058777,1/1/2021,76209703
93152372,38296178,1/1/2021,88200934
17366618,36318728,1/1/2021,51151737
41584972,38586163,1/1/2021,4561286
43353422,61606975,1/1/2021,63017557
67050871,47471757,1/1/2021,17073745
33869124,29878598,1/1/2021,52159497
13566524,23841994,1/1/2021,12271665
83231193,91057440,1/1/2021,76921049
14783715,28481881,1/1/2021,66687573
35732792,93592420,1/1/2021,86569330
21243646,45939174,1/1/2021,53143921
94498622,68292553,1/1/2021,25016253
60613516,45878039,1/1/2021,54358980
60288356,48323895,1/1/2021,15937865
69234996,63453515,1/1/2021,63461640
4398370,3066430,1/1/2021,46555434
91828132,99209131,1/1/2021,43590032
905183,65674574,1/1/2021,26358116
47245068,41565094,1/1/2021,32036565
41853856,7270345,1/1/2021,73653974
97228332,34269312,1/1/2021,54023543
94241662,12712366,1/1/2021,94940428
31104531,95505633,1/1/2021,60183453
78674165,63526011,1/1/2021,52760006
85478213,13473709,1/1/2021,59084389
80580775,13535292,1/1/2021,94043679
63185201,73248484,1/1/2021,79879026
48757423,36817023,1/1/2021,64020969
91425065,69983887,1/1/2021,74587858
40185095,35140689,1/1/2021,90508394
97613336,56806755,1/1/2021,96737569
89143568,58455166,1/1/2021,47812000
82354275,62210898,1/1/2021,76284571
38298561,53649799,1/1/2021,53539618
82109226,53798572,1/1/2021,78693449
53272300,97165088,1/1/2021,24213837
17411509,8719706,1/1/2021,50565825
23121881,16629400,1/1/2021,37736996
95433813,91992383,1/1/2021,40462561
83427015,53718594,1/1/2021,37694760
65695517,12767236,1/1/2021,30668744
6330170,54581913,1/1/2021,85151512
95964942,88393728,1/1/2021,73179207
804783,62082280,1/1/2021,23024663
96337837,57099347,1/1/2021,61655171
13398873,14340895,1/1/2021,47744868
3991633,21523502,1/1/2021,28570981
59578130,63404425,1/1/2021,43831630
13280512,25432329,1/1/2021,25650198
24127974,23276291,1/1/2021,99489434
44874858,86383318,1/1/2021,72604908
24058131,58130797,1/1/2021,61650985
34553725,52118050,1/1/2021,11053583
70136302,15346964,1/1/2021,89201381
62736114,61048669,1/1/2021,54966369
69063282,71519302,1/1/2021,70060485
1760286,17510066,1/1/2021,80299561
92830615,50609789,1/1/2021,79177818
31233354,47608795,1/1/2021,74446162
13664220,90962110,1/1/2021,15766540
49202922,81361861,1/1/2021,62726320
39993120,52418204,1/1/2021,89489673
893114,76815393,1/1/2021,8899248
27322185,40324364,1/1/2021,51464394
63247930,81641796,1/1/2021,40950259
51697952,54337381,1/1/2021,13926892
26228747,81392377,1/1/2021,19118321
52777882,34965160,1/1/2021,64827810
29391332,67318704,1/1/2021,84303479
98987702,27975992,1/1/2021,82256685
54381506,97004745,1/1/2021,74427819
58069448,52654978,1/1/2021,51711795
23143050,97755586,1/1/2021,49744347
70626339,7836534,1/1/2021,35576433
60658128,943161,1/1/2021,36198986
95745749,6263355,1/1/2021,33807195
60863843,74153442,1/1/2021,71064796
67399017,28713487,1/1/2021,37998929
46002792,10955680,1/1/2021,92582903
84373168,48300148,1/1/2021,41650059
51386269,39632210,1/1/2021,65054048
78850521,12009541,1/1/2021,12144709
48685412,27860939,1/1/2021,75617233
26767376,25473582,1/1/2021,22016645
51613457,31167710,1/1/2021,54200814
75834043,12105090,1/1/2021,5060498
15430144,65856536,1/1/2021,25968477
36014576,61326675,1/1/2021,6128210
86194198,47017245,1/1/2021,17255080
83893056,14654749,1/1/2021,15871329
66671343,16305229,1/1/2021,38160028
19979632,8651174,1/1/2021,76781049
60255532,57856551,1/1/2021,87720846
95117188,29791552,1/1/2021,98219162
79492096,66990581,1/1/2021,39450111
5490837,23429055,1/1/2021,36763153
95537559,92728592,1/1/2021,19285771
76106330,2364599,1/1/2021,73997160
89668351,69126925,1/1/2021,38928109
26765310,70764123,1/1/2021,89050606
47939653,86575386,1/1/2021,62689588
30774346,45524806,1/1/2021,39221971
7668937,85915268,1/1/2021,55162890
87254846,44806545,1/1/2021,45610134
56030266,16065956,1/1/2021,66038726
64395821,58049358,1/1/2021,69328671
39614551,48299954,1/1/2021,70985450
55131742,60718280,1/1/2021,31854382
6374969,34838983,1/1/2021,60041029
82081720,16051669,1/1/2021,20471828
43184606,16124738,1/1/2021,68806347
88499666,85360969,1/1/2021,12676491
72794074,10829554,1/1/2021,27444313
522601,83162510,1/1/2021,50689965
23079090,31281195,1/1/2021,86260657
31635356,18929140,1/1/2021,3509388
36710829,73400905,1/1/2021,96121597
46576538,96209547,1/1/2021,76829093
15178169,53229724,1/1/2021,53709639
46957849,80529248,1/1/2021,83328749
2489841,22058645,1/1/2021,7902789
66021223,67682379,1/1/2021,99740719
6992729,58301487,1/1/2021,40951638
81534944,53805423,1/1/2021,96033708
58962480,20908195,1/1/2021,78809659
53910196,91970015,1/1/2021,13779337
47755796,47402201,1/1/2021,31548571
64198606,26503943,1/1/2021,8849380
33552262,96004142,1/1/2021,27058121
23895539,72467091,1/1/2021,73347606
73780274,1325645,1/1/2021,58524497
15240286,69466694,1/1/2021,34959534
55459082,18990041,1/1/2021,49714876
68732561,79873246,1/1/2021,26812687
62104494,84112378,1/1/2021,35662105
31860710,76497254,1/1/2021,55624831
1897289,1821550,1/1/2021,64072012
51172404,81790401,1/1/2021,352499
83166075,81660469,1/1/2021,3963982
34590669,3673355,1/1/2021,33328263
79892599,3401729,1/1/2021,37035020
54994676,43354771,1/1/2021,65206188
84333667,7222092,1/1/2021,26795751
62003308,3826034,1/1/2021,23889477
34185629,83222016,1/1/2021,45695360
21126345,19335346,1/1/2021,23820890
97801689,19951065,1/1/2021,18362886
7374814,80931621,1/1/2021,84594679
94632699,73644361,1/1/2021,28154105
26902869,15535856,1/1/2021,95357829
18692457,95774336,1/1/2021,90132698
23288218,17356510,1/1/2021,66809234
88557434,37302719,1/1/2021,12691524
82774158,99361228,1/1/2021,67479474
83982620,48910347,1/1/2021,29287185
72711231,45217845,1/1/2021,2539546
29307746,92325685,1/1/2021,57022932
68430269,17973090,1/1/2021,65387788
98856299,82812201,1/1/2021,74202652
92651197,74746378,1/1/2021,64391472
7844157,38661631,1/1/2021,23574878
46803436,78753501,1/1/2021,88060217
23066649,84586889,1/1/2021,55753920
41153987,52171055,1/1/2021,8047687
84061805,87319620,1/1/2021,84743374
52369421,80345671,1/1/2021,17664691
60545558,88823478,1/1/2021,85891395
40254340,52202476,1/1/2021,33670140
80811633,95322681,1/1/2021,10327852
8913173,88435091,1/1/2021,11098867
28825234,190589,1/1/2021,77551702
93263030,98573639,1/1/2021,85249455
85911604,75340131,1/1/2021,87908695
70122114,55289207,1/1/2021,82416959
96027837,36747115,1/1/2021,43269006
13438029,46555243,1/1/2021,17726160
76206139,72271735,1/1/2021,39925787
59841463,60086327,1/1/2021,36767724
80567615,20931551,1/1/2021,68713058
75697822,50556908,1/1/2021,44225728
68834968,77792075,1/1/2021,32300178
76723742,10081488,1/1/2021,9265462
59631224,41728895,1/1/2021,6560911
67775866,56637885,1/1/2021,34559734
53555588,32737370,1/1/2021,49508284
32850116,8540393,1/1/2021,69291623
25281415,36717378,1/1/2021,71889375
5218011,62183642,1/1/2021,68415389
50278879,41548585,1/1/2021,88205892
46968753,66044406,1/1/2021,98564453
46089762,4261612,1/1/2021,80775546
67368778,85963191,1/1/2021,95425863
22361622,38654084,1/1/2021,36106455
46834713,72065839,1/1/2021,67160242
80719175,3093863,1/1/2021,52479687
97438991,19136622,1/1/2021,52621314
8164315,4195535,1/1/2021,90874956
13673239,35314691,1/1/2021,97475675
55135757,85497504,1/1/2021,42392767
3772898,1408317,1/1/2021,46320971
8545268,8210593,1/1/2021,15078629
74750061,17518215,1/1/2021,25136418
52259173,2587981,1/1/2021,78873124
67058914,87441840,1/1/2021,91369338
70904307,26407418,1/1/2021,2134857
60307064,48992640,1/1/2021,81960019
10872635,91424419,1/1/2021,26822020
90679827,10468661,1/1/2021,98069958
4490067,4985433,1/1/2021,28078876
51860370,70040708,1/1/2021,72090763
39067609,54073555,1/1/2021,69169496
66225348,97580461,1/1/2021,13580612
89118801,35634041,1/1/2021,74661398
67131655,1750560,1/1/2021,7097300
36408863,59889687,1/1/2021,47075627
7473876,52506147,1/1/2021,87904765
60354082,86873123,1/1/2021,30630444
97489252,41286128,1/1/2021,71022277
44726980,82835446,1/1/2021,28038757
15900760,393225,1/1/2021,92256354
60075390,17412049,1/1/2021,514521
24134682,89497326,1/1/2021,92637122
22438805,16072183,1/1/2021,56781502
46055880,45671395,1/1/2021,62712019
34657843,55936811,1/1/2021,78537576
7438875,19004945,1/1/2021,55543118
60723116,37055325,1/1/2021,50223015
21204388,53258083,1/1/2021,68120184
42292531,81386918,1/1/2021,51685744
34397312,85937451,1/1/2021,14518430
18172089,95059358,1/1/2021,86123747
67883660,18065015,1/1/2021,64446486
21079054,44904678,1/1/2021,21448775
60692214,86805032,1/1/2021,14114502
73487760,70554120,1/1/2021,56956436
56448979,42857907,1/1/2021,91651228
64320755,18931495,1/1/2021,37900038
99832988,9104686,1/1/2021,5974757
1591903,23804869,1/1/2021,38941399
80026167,49604726,1/1/2021,37212070
71514239,86795944,1/1/2021,20525866
86958561,84188380,1/1/2021,11606161
43923380,55377492,1/1/2021,62565707
10506639,40955377,1/1/2021,8464408
12722631,68020873,1/1/2021,58455586
74538102,61950580,1/1/2021,1914542
26953533,7451584,1/1/2021,83402449
92762251,18741056,1/1/2021,25727104
55675956,1165036,1/1/2021,47057029
34852309,26832753,1/1/2021,1803211
64357751,49647433,1/1/2021,78516298
7981739,63121285,1/1/2021,28201359
77824219,32433289,1/1/2021,16356320
3615294,75393472,1/1/2021,2590714
14737183,59376828,1/1/2021,93432238
37058081,21553196,1/1/2021,1851830
16186637,82413057,1/1/2021,491723
92162976,58831762,1/1/2021,31136532
68125097,41623923,1/1/2021,75693404
5714155,38674983,1/1/2021,13120931
40289274,74757336,1/1/2021,7422362
93837217,99699642,1/1/2021,78715455
68493448,37619343,1/1/2021,22909152
62541299,46505118,1/1/2021,78343962
59025993,24175166,1/1/2021,64404295
15046376,67204755,1/1/2021,1547344
9662384,64304526,1/1/2021,7973727
40854090,94534405,1/1/2021,84021397
10365533,47193277,1/1/2021,15292100
26510705,76278464,1/1/2021,13994273
